,Title,rating,count
103,August (1996),1.0,1
135,Baton Rouge (1988),1.0,1
177,Bird of Prey (1996),1.0,1
192,"Bloody Child, The (1996)",1.0,1
251,Butterfly Kiss (1995),1.0,1
265,Careful (1992),1.0,1
359,"Crude Oasis, The (1995)",1.0,1
371,Daens (1992),1.0,1
395,"Death in the Garden (Mort en ce jardin, La) (1956)",1.0,1
473,Every Other Weekend (1990),1.0,1
483,"Eye of Vichy, The (Oeil de Vichy, L') (1993)",1.0,1
576,"Further Gesture, A (1996)",1.0,1
594,Getting Away With Murder (1996),1.0,1
605,Girl in the Cadillac (1995),1.0,1
620,Good Morning (1971),1.0,1
674,Hedd Wyn (1992),1.0,1
689,Homage (1995),1.0,1
699,Hostile Intentions (1994),1.0,1
714,"Hungarian Fairy Tale, A (1987)",1.0,1
727,"I, Worst of All (Yo, la peor de todas) (1990)",1.0,1
756,"Invitation, The (Zaproszenie) (1986)",1.0,1
763,JLG/JLG - autoportrait de décembre (1994),1.0,1
818,King of New York (1990),1.0,1
836,Lashou shentan (1992),1.0,1
858,"Leopard Son, The (1996)",1.0,1
861,Liebelei (1933),1.0,1
893,Lotto Land (1995),1.0,1
907,"Low Life, The (1994)",1.0,1
931,"Man from Down Under, The (1943)",1.0,1
951,Mat' i syn (1997),1.0,1
980,Mille bolle blu (1993),1.0,1
990,"Modern Affair, A (1995)",1.0,1
1001,"Mostro, Il (1994)",1.0,1
1050,"New Age, The (1994)",1.0,1
1073,Nobody Loves Me (Keiner liebt mich) (1994),1.0,1
1090,Office Killer (1997),1.0,1
1144,Pharaoh's Army (1995),1.0,1
1162,Police Story 4: Project S (Chao ji ji hua) (1993),1.0,1
1170,Power 98 (1995),1.0,1
1186,"Promise, The (Versprechen, Das) (1994)",1.0,1
1195,Quartier Mozart (1992),1.0,1
1308,Shadow of Angels (Schatten der Engel) (1976),1.0,1
1311,Shadows (Cienie) (1988),1.0,1
1405,Stefano Quantestorie (1993),1.0,1
1446,"Symphonie pastorale, La (1946)",1.0,1
1447,T-Men (1947),1.0,1
1462,Terror in a Texas Town (1958),1.0,1
1468,The Courtyard (1995),1.0,1
1493,Tigrero: A Film That Was Never Made (1994),1.0,1
1503,To Cross the Rubicon (1991),1.0,1
1522,Touki Bouki (Journey of the Hyena) (1973),1.0,1
1579,Vermont Is For Lovers (1992),1.0,1
1582,"Very Natural Thing, A (1974)",1.0,1
1584,"Vie est belle, La (Life is Rosey) (1987)",1.0,1
1610,Wend Kuuni (God's Gift) (1982),1.0,1
1646,"Woman in Question, The (1950)",1.0,1
1654,Yankee Zulu (1994),1.0,1
111,Babyfever (1994),1.0,2
163,Beyond Bedlam (1993),1.0,2
217,Boys in Venice (1996),1.0,2
491,Falling in Love Again (1980),1.0,2
1358,Somebody to Love (1994),1.0,2
1577,Venice/Venice (1992),1.0,2
66,Amityville: Dollhouse (1996),1.0,3
625,Gordy (1995),1.0,3
978,"Mighty, The (1998)",1.0,3
8,3 Ninjas: High Noon At Mega Mountain (1998),1.0,5
60,Amityville 1992: It's About Time (1992),1.0,5
65,Amityville: A New Generation (1993),1.0,5
61,Amityville 3-D (1983),1.1666666666666667,6
62,"Amityville Curse, The (1990)",1.25,4
276,Castle Freak (1995),1.25,4
294,Children of the Corn: The Gathering (1996),1.3157894736842106,19
280,Catwalk (1995),1.3333333333333333,3
603,Gilligan's Island: The Movie (1998),1.3333333333333333,3
449,Ed (1996),1.3333333333333333,6
1471,Theodore Rex (1995),1.4,5
267,Carmen Miranda: Bananas Is My Business (1994),1.5,2
344,Country Life (1994),1.5,2
357,Crows and Sparrows (1949),1.5,2
436,Dream Man (1995),1.5,2
784,Johnny 100 Pesos (1993),1.5,2
913,"Machine, The (1994)",1.5,2
1041,Naked in New York (1994),1.5,2
1305,"Sexual Life of the Belgians, The (1994)",1.5,2
1426,Sudden Manhattan (1996),1.5,2
1494,Time Tracers (1995),1.5,2
157,Best of the Best 3: No Turning Back (1995),1.5,6
248,Bushwhacked (1995),1.5714285714285714,7
595,Getting Even with Dad (1994),1.6,5
1145,Phat Beach (1996),1.6,5
201,Body Parts (1991),1.6153846153846154,13
64,Amityville II: The Possession (1982),1.6428571428571428,14
107,B*A*P*S (1997),1.6666666666666667,3
1223,Relative Fear (1994),1.6666666666666667,3
1332,"Simple Wish, A (1997)",1.6666666666666667,3
1382,Squeeze (1996),1.6666666666666667,3
1458,Temptress Moon (Feng Yue) (1996),1.6666666666666667,3
833,Land Before Time III: The Time of the Great Giving (1995) (V),1.6666666666666667,6
191,Bloodsport 2 (1995),1.7,10
849,Lawnmower Man 2: Beyond Cyberspace (1996),1.7142857142857142,21
1250,Robocop 3 (1993),1.7272727272727273,11
560,Free Willy 3: The Rescue (1997),1.7407407407407407,27
149,Being Human (1993),1.75,4
1047,"Neon Bible, The (1995)",1.75,4
375,Dangerous Ground (1997),1.75,8
1452,Talking About Sex (1994),1.8,5
1539,Turbo: A Power Rangers Movie (1997),1.8,5
805,Kazaam (1996),1.8,10
617,Gone Fishin' (1997),1.8181818181818181,11
117,Bad Girls (1994),1.8333333333333333,6
1353,Solo (1996),1.8333333333333333,12
1573,Vampire in Brooklyn (1995),1.8333333333333333,12
1212,Ready to Wear (Pret-A-Porter) (1994),1.8333333333333333,18
854,Leave It to Beaver (1997),1.8409090909090908,44
405,"Designated Mourner, The (1997)",1.8571428571428572,7
444,Dunston Checks In (1996),1.8571428571428572,7
168,Big Bully (1996),1.8571428571428572,14
46,All Dogs Go to Heaven 2 (1996),1.8666666666666667,15
1140,"Pest, The (1997)",1.875,8
691,Home Alone 3 (1997),1.894736842105263,19
176,Bio-Dome (1996),1.903225806451613,31
1007,Mr. Magoo (1997),1.9166666666666667,12
124,Barb Wire (1996),1.9333333333333333,30
775,Jaws 3-D (1983),1.9375,16
356,"Crow: City of Angels, The (1996)",1.9487179487179487,39
1000,Mortal Kombat: Annihilation (1997),1.9534883720930232,43
1328,Showgirls (1995),1.9565217391304348,23
74,Angel on My Shoulder (1946),2.0,1
239,"Brother's Kiss, A (1997)",2.0,1
322,Coldblooded (1995),2.0,1
467,Etz Hadomim Tafus (Under the Domin Tree) (1994),2.0,1
509,"Favor, The (1994)",2.0,1
680,Here Comes Cookie (1935),2.0,1
718,Hush (1998),2.0,1
911,MURDER and murder (1996),2.0,1
1046,Nemesis 2: Nebula (1995),2.0,1
1056,"Niagara, Niagara (1997)",2.0,1
1080,Nothing Personal (1995),2.0,1
1211,Raw Deal (1948),2.0,1
1242,Ripe (1996),2.0,1
1325,Shopping (1994),2.0,1
1345,Small Faces (1995),2.0,1
1599,"War at Home, The (1996)",2.0,1
56,American Strays (1996),2.0,2
323,"Collectionneuse, La (1967)",2.0,2
329,Condition Red (1995),2.0,2
383,"Day the Sun Turned Cold, The (Tianguo niezi) (1994)",2.0,2
549,Foreign Student (1994),2.0,2
607,"Glass Shield, The (1994)",2.0,2
750,"Innocent Sleep, The (1995)",2.0,2
812,Kika (1993),2.0,2
965,Men of Means (1998),2.0,2
1033,My Life and Times With Antonin Artaud (En compagnie d'Antonin Artaud) (1993),2.0,2
1193,Pushing Hands (1992),2.0,2
1275,Salut cousin! (1996),2.0,2
1506,"To Have, or Not (1995)",2.0,2
1578,Vermin (1998),2.0,2
256,Calendar Girl (1993),2.0,3
489,Fall (1997),2.0,3
541,For Ever Mozart (1996),2.0,3
716,"Hunted, The (1995)",2.0,3
905,Lover's Knot (1996),2.0,3
1380,Sprung (1997),2.0,3
1538,"Truth or Consequences, N.M. (1997)",2.0,3
205,"Bonheur, Le (1965)",2.0,4
787,"Journey of August King, The (1995)",2.0,4
1067,Nil By Mouth (1997),2.0,4
1153,Pie in the Sky (1995),2.0,4
469,Even Cowgirls Get the Blues (1993),2.0,5
777,Jefferson in Paris (1995),2.0,5
882,"Locusts, The (1997)",2.0,5
1290,"Second Jungle Book: Mowgli & Baloo, The (1997)",2.0,6
704,House Party 3 (1994),2.0,9
742,In the Realm of the Senses (Ai no corrida) (1976),2.0,9
1622,White Man's Burden (1995),2.0,10
799,Jury Duty (1995),2.0,14
1421,"Stupids, The (1996)",2.0,17
676,Hellraiser: Bloodline (1996),2.0,18
632,Grease 2 (1982),2.0,24
1451,Tales from the Hood (1995),2.037037037037037,27
531,"Flintstones, The (1994)",2.064516129032258,31
1431,Super Mario Bros. (1993),2.076923076923077,26
934,Man of the House (1995),2.111111111111111,9
1383,Stag (1997),2.111111111111111,9
782,Jingle All the Way (1996),2.111111111111111,18
1377,Spice World (1997),2.1153846153846154,26
686,Highlander III: The Sorcerer (1994),2.125,16
1420,Stuart Saves His Family (1995),2.125,16
1374,Speed 2: Cruise Control (1997),2.1315789473684212,38
765,Jack and Sarah (1995),2.142857142857143,7
962,Meet Wally Sparks (1997),2.142857142857143,7
1107,Original Gangstas (1996),2.142857142857143,7
673,Heavyweights (1994),2.1538461538461537,13
916,Mad Love (1995),2.1538461538461537,13
1161,Poison Ivy II (1995),2.1538461538461537,13
1404,Steel (1997),2.1578947368421053,19
757,"Island of Dr. Moreau, The (1996)",2.1578947368421053,57
189,Blood Beach (1981),2.1666666666666665,6
646,Guilty as Sin (1993),2.1666666666666665,6
1545,Twin Town (1997),2.1666666666666665,6
1661,Zeus and Roxanne (1997),2.1666666666666665,6
102,Audrey Rose (1977),2.1666666666666665,12
1049,"NeverEnding Story III, The (1994)",2.1666666666666665,12
210,Booty Call (1997),2.1666666666666665,48
22,"Addiction, The (1995)",2.1818181818181817,11
486,Fair Game (1995),2.1818181818181817,11
559,Free Willy 2: The Adventure Home (1995),2.1818181818181817,11
958,McHale's Navy (1997),2.1884057971014492,69
292,Chasers (1994),2.2,5
1236,Rhyme & Reason (1997),2.2,5
1548,Two Bits (1995),2.2,5
213,Boxing Helena (1993),2.2,15
284,Celtic Pride (1996),2.2,15
650,Halloween: The Curse of Michael Myers (1995),2.2,25
346,"Cowboy Way, The (1994)",2.210526315789474,19
330,Coneheads (1993),2.2195121951219514,41
116,Bad Company (1995),2.2222222222222223,9
289,Chairman of the Board (1998),2.2222222222222223,9
429,Double Team (1997),2.230769230769231,13
1143,Phantoms (1998),2.230769230769231,13
1419,Striptease (1996),2.2388059701492535,67
806,Keys to Tulsa (1997),2.24,25
783,Joe's Apartment (1996),2.2444444444444445,45
174,"Big Squeeze, The (1996)",2.25,4
243,Buddy (1997),2.25,4
1435,Suture (1993),2.25,4
1549,Two Deaths (1995),2.25,4
1595,"Walking Dead, The (1995)",2.25,4
236,Broken English (1996),2.25,8
1038,Nadja (1994),2.25,8
1115,"Pagemaster, The (1994)",2.25,12
151,"Believers, The (1987)",2.25,16
159,"Beverly Hillbillies, The (1993)",2.25,20
1370,"Specialist, The (1994)",2.25,20
803,Kansas City (1996),2.260869565217391,23
678,Herbie Rides Again (1974),2.272727272727273,11
977,Mighty Morphin Power Rangers: The Movie (1995),2.272727272727273,11
735,In the Army Now (1994),2.2777777777777777,18
434,Dracula: Dead and Loving It (1995),2.28,25
837,Lassie (1994),2.2857142857142856,7
844,"Last Time I Committed Suicide, The (1997)",2.2857142857142856,7
863,Life with Mikey (1993),2.2857142857142856,7
69,Anaconda (1997),2.289473684210526,38
769,Jade (1995),2.2941176470588234,17
1245,"Road to Wellville, The (1994)",2.2941176470588234,17
1010,Mr. Wrong (1996),2.3043478260869565,23
340,Cops and Robbersons (1994),2.3076923076923075,13
161,Beverly Hills Ninja (1997),2.3125,48
139,"Beautician and the Beast, The (1997)",2.313953488372093,86
1116,"Pallbearer, The (1996)",2.3181818181818183,22
112,"Babysitter, The (1995)",2.3333333333333335,3
263,Captives (1994),2.3333333333333335,3
722,I Like It Like That (1994),2.3333333333333335,3
731,Ill Gotten Gains (1997),2.3333333333333335,3
842,Last Summer in the Hamptons (1995),2.3333333333333335,3
1079,Nosferatu a Venezia (1986),2.3333333333333335,3
1084,Nowhere (1997),2.3333333333333335,3
1126,"Paris, France (1993)",2.3333333333333335,3
1400,"Stars Fell on Henrietta, The (1995)",2.3333333333333335,3
688,Hollow Reed (1996),2.3333333333333335,6
968,Metisse (Café au Lait) (1993),2.3333333333333335,6
0,'Til There Was You (1997),2.3333333333333335,9
835,Larger Than Life (1996),2.3333333333333335,9
593,"Getaway, The (1994)",2.3333333333333335,18
255,"Cable Guy, The (1996)",2.339622641509434,106
34,Airheads (1994),2.34375,32
105,"Awfully Big Adventure, An (1995)",2.375,8
160,Beverly Hills Cop III (1994),2.392857142857143,28
1392,Star Trek V: The Final Frontier (1989),2.3968253968253967,63
1581,"Very Brady Sequel, A (1996)",2.3978494623655915,93
190,Blood For Dracula (Andy Warhol's Dracula) (1974),2.4,5
418,Dingo (1992),2.4,5
514,Feast of July (1995),2.4,5
671,Heavy (1995),2.4,5
879,Loaded (1994),2.4,5
1072,No Escape (1994),2.4,5
1119,Panther (1995),2.4,5
1280,"Scarlet Letter, The (1995)",2.4,5
1237,"Rich Man's Wife, The (1996)",2.4,15
1576,Vegas Vacation (1997),2.4,75
1344,Sliver (1993),2.4054054054054053,37
1252,Rocket Man (1997),2.4081632653061225,49
257,Canadian Bacon (1994),2.413793103448276,29
1406,Stephen King's The Langoliers (1995),2.413793103448276,29
1475,"Thin Line Between Love and Hate, A (1996)",2.4166666666666665,12
886,Lord of Illusions (1995),2.4166666666666665,24
1042,National Lampoon's Senior Trip (1995),2.4285714285714284,7
1194,"Pyromaniac's Love Story, A (1995)",2.4285714285714284,7
1298,Senseless (1998),2.4285714285714284,7
1411,Stranger in the House (1997),2.4285714285714284,7
1439,Swept from the Sea (1997),2.4285714285714284,7
1492,"Tie That Binds, The (1995)",2.4285714285714284,7
1530,Trial by Jury (1994),2.4285714285714284,7
1551,Two Much (1996),2.4285714285714284,7
398,Deep Rising (1998),2.4285714285714284,14
537,Fluke (1995),2.4285714285714284,14
543,For Richer or Poorer (1997),2.4285714285714284,14
260,Candyman: Farewell to the Flesh (1995),2.4285714285714284,21
574,"Funeral, The (1996)",2.4285714285714284,21
1239,Richie Rich (1994),2.4285714285714284,21
794,Jungle2Jungle (1997),2.4393939393939394,132
247,Burnt Offerings (1976),2.4444444444444446,9
681,Hideaway (1995),2.4444444444444446,9
1054,"Next Karate Kid, The (1994)",2.4444444444444446,9
365,Cutthroat Island (1995),2.4444444444444446,18
1640,Wishmaster (1997),2.4444444444444446,27
850,"Lawnmower Man, The (1992)",2.4461538461538463,65
1478,Thinner (1996),2.4489795918367347,49
532,Flipper (1996),2.45,20
131,Batman & Robin (1997),2.4516129032258065,62
331,Congo (1995),2.4523809523809526,42
1434,Surviving the Game (1994),2.4545454545454546,11
558,Free Willy (1993),2.4545454545454546,33
1560,Under Siege 2: Dark Territory (1995),2.4583333333333335,48
464,Escape from L.A. (1996),2.4615384615384617,91
1465,That Darn Cat! (1997),2.4634146341463414,41
920,Madonna: Truth or Dare (1991),2.4705882352941178,17
923,Major Payne (1994),2.473684210526316,19
1464,That Darn Cat! (1965),2.473684210526316,19
1004,Mouse Hunt (1997),2.477272727272727,44
1362,Son in Law (1993),2.4871794871794872,39
54,American Dream (1990),2.5,2
335,"Convent, The (Convento, O) (1995)",2.5,2
900,Love and Death on Long Island (1997),2.5,2
1006,Mr. Jones (1993),2.5,2
1052,New York Cop (1996),2.5,2
1105,Open Season (1996),2.5,2
1114,"Outlaw, The (1943)",2.5,2
1262,Rough Magic (1995),2.5,2
1378,Spirits of the Dead (Tre passi nel delirio) (1968),2.5,2
1541,"Turning, The (1992)",2.5,2
68,An Unforgettable Summer (1994),2.5,4
557,Frankie Starlight (1995),2.5,4
813,Killer (Bulletproof Heart) (1994),2.5,4
852,"Lay of the Land, The (1997)",2.5,4
881,Loch Ness (1995),2.5,4
1544,Twilight (1998),2.5,4
1563,Underworld (1997),2.5,4
39,Albino Alligator (1996),2.5,6
308,City of Industry (1997),2.5,6
1430,Sunset Park (1996),2.5,8
110,"Baby-Sitters Club, The (1995)",2.5,10
458,"Endless Summer 2, The (1994)",2.5,10
723,I Love Trouble (1994),2.5,10
906,"Low Down Dirty Shame, A (1994)",2.5,10
1324,Shooting Fish (1997),2.5,10
1566,Unhook the Stars (1996),2.5,10
392,Dear God (1996),2.5,12
1628,Wild Bill (1995),2.5,12
169,"Big Green, The (1995)",2.5,14
1591,Waiting to Exhale (1995),2.5,16
649,Half Baked (1998),2.5,20
943,Marked for Death (1990),2.5,22
83,Another Stakeout (1993),2.5,28
994,Money Train (1995),2.511627906976744,43
1381,Spy Hard (1996),2.511627906976744,43
1106,Operation Dumbo Drop (1995),2.5161290322580645,31
669,Heaven's Prisoners (1996),2.5185185185185186,27
918,Made in America (1993),2.5185185185185186,27
1197,"Quest, The (1996)",2.5185185185185186,27
703,House Arrest (1996),2.52,25
1529,Trial and Error (1997),2.5217391304347827,23
1159,Pocahontas (1995),2.5294117647058822,51
989,Mixed Nuts (1994),2.533333333333333,15
477,Excess Baggage (1997),2.5384615384615383,52
204,Bogus (1996),2.5454545454545454,22
306,City Slickers II: The Legend of Curly's Gold (1994),2.5454545454545454,44
348,Crash (1996),2.546875,128
439,Drop Zone (1994),2.5483870967741935,31
668,Heaven & Earth (1993),2.5555555555555554,9
31,Air Bud (1997),2.558139534883721,43
254,Cabin Boy (1994),2.5625,16
1540,Turbulence (1997),2.5652173913043477,23
63,"Amityville Horror, The (1979)",2.5660377358490565,53
1306,Sgt. Bilko (1996),2.5675675675675675,74
186,Bliss (1997),2.5714285714285716,7
807,Kicked in the Head (1997),2.5714285714285716,7
998,Moonlight and Valentino (1995),2.5714285714285716,7
1402,"Steal Big, Steal Little (1995)",2.5714285714285716,7
125,Barbarella (1968),2.5714285714285716,28
471,Event Horizon (1997),2.574803149606299,127
1142,"Phantom, The (1996)",2.575,80
369,D3: The Mighty Ducks (1996),2.5789473684210527,19
506,Fathers' Day (1997),2.5806451612903225,31
1417,Striking Distance (1993),2.5833333333333335,12
1248,Robin Hood: Men in Tights (1993),2.5892857142857144,56
1,1-900 (1994),2.6,5
647,Gumby: The Movie (1995),2.6,5
1091,"Old Lady Who Walked in the Sea, The (Vieille qui marchait dans la mer, La) (1991)",2.6,5
1291,"Secret Adventures of Tom Thumb, The (1993)",2.6,5
1341,Sliding Doors (1998),2.6,5
725,I'll Do Anything (1994),2.6,10
872,Little Odessa (1994),2.6,10
970,Miami Rhapsody (1995),2.6,15
1552,Two if by Sea (1996),2.6,25
648,Hackers (1995),2.606060606060606,33
1369,Spawn (1997),2.6153846153846154,143
1607,Weekend at Bernie's (1989),2.6166666666666667,60
683,High School High (1996),2.6206896551724137,29
516,Female Perversions (1996),2.625,8
1612,What Happened Was... (1994),2.625,8
515,Feeling Minnesota (1996),2.625,32
1158,Playing God (1997),2.627906976744186,43
503,Fatal Instinct (1993),2.6315789473684212,19
785,Johnny Mnemonic (1995),2.6341463414634148,41
53,American Buffalo (1996),2.6363636363636362,11
183,Black Sheep (1996),2.6363636363636362,55
1450,Tales from the Crypt Presents: Bordello of Blood (1996),2.6363636363636362,55
827,Kull the Conqueror (1997),2.63768115942029,69
78,Angus (1995),2.642857142857143,14
1136,"Perez Family, The (1995)",2.642857142857143,14
529,Fled (1996),2.6470588235294117,34
1287,Screamers (1995),2.652173913043478,46
136,Bean (1997),2.659340659340659,91
841,Last Man Standing (1996),2.660377358490566,53
326,Commandments (1997),2.6666666666666665,3
451,Ed's Next Move (1996),2.6666666666666665,3
545,For the Moment (1994),2.6666666666666665,3
568,Frisk (1995),2.6666666666666665,3
719,I Can't Sleep (J'ai pas sommeil) (1994),2.6666666666666665,3
760,It Takes Two (1995),2.6666666666666665,3
779,"Jerky Boys, The (1994)",2.6666666666666665,3
1288,"Search for One-eye Jimmy, The (1996)",2.6666666666666665,3
1323,"Shooter, The (1995)",2.6666666666666665,3
1650,"Wooden Man's Bride, The (Wu Kui) (1994)",2.6666666666666665,3
118,Bad Moon (1996),2.6666666666666665,6
155,Bent (1997),2.6666666666666665,6
748,Infinity (1996),2.6666666666666665,6
1463,Tetsuo II: Body Hammer (1992),2.6666666666666665,6
1574,"Van, The (1996)",2.6666666666666665,6
195,Blue Chips (1994),2.6666666666666665,9
717,Hurricane Streets (1998),2.6666666666666665,9
1283,"Scout, The (1994)",2.6666666666666665,12
91,April Fool's Day (1986),2.6666666666666665,15
774,Jaws 2 (1978),2.6666666666666665,66
133,Batman Forever (1995),2.6666666666666665,114
18,Ace Ventura: When Nature Calls (1995),2.675675675675676,37
1459,Terminal Velocity (1994),2.676470588235294,34
791,Judgment Night (1993),2.68,25
1166,"Portrait of a Lady, The (1996)",2.68,25
1585,Village of the Damned (1995),2.6818181818181817,22
134,Batman Returns (1992),2.683098591549296,142
67,Amos & Andrew (1993),2.6842105263157894,19
1112,Out to Sea (1997),2.6842105263157894,19
587,George of the Jungle (1997),2.685185185185185,162
581,Gang Related (1997),2.6875,16
38,Alaska (1996),2.6923076923076925,13
675,Heidi Fleiss: Hollywood Madam (1995) ,2.6923076923076925,13
1424,"Substitute, The (1996)",2.693877551020408,49
1187,"Prophecy II, The (1998)",2.7,20
452,Eddie (1996),2.7,40
656,Hard Target (1993),2.7,40
659,Harriet the Spy (1996),2.7,40
288,Chain Reaction (1996),2.7,80
1645,Wolf (1994),2.701492537313433,67
431,Down Periscope (1996),2.702970297029703,101
426,"Doom Generation, The (1995)",2.7142857142857144,7
697,"Horse Whisperer, The (1998)",2.7142857142857144,7
1076,North (1994),2.7142857142857144,7
385,Days of Thunder (1990),2.7169811320754715,53
187,"Blob, The (1958)",2.717391304347826,46
1141,Pete's Dragon (1977),2.7209302325581395,43
391,Dead Presidents (1995),2.7222222222222223,18
875,"Little Rascals, The (1994)",2.7222222222222223,18
259,Candyman (1992),2.723076923076923,65
1425,Sudden Death (1995),2.723404255319149,47
1631,Wild Things (1998),2.727272727272727,11
809,"Kid in King Arthur's Court, A (1995)",2.727272727272727,22
979,Milk Money (1994),2.72972972972973,37
325,Color of Night (1994),2.7333333333333334,15
1318,She's So Lovely (1997),2.7358490566037736,53
1586,Virtuosity (1995),2.736842105263158,38
539,"Fog, The (1980)",2.739130434782609,23
982,Mimic (1997),2.742574257425743,101
838,Last Action Hero (1993),2.7457627118644066,59
19,Across the Sea of Time (1995),2.75,4
120,"Ballad of Narayama, The (Narayama Bushiko) (1958)",2.75,4
268,Caro Diario (Dear Diary) (1994),2.75,4
299,"Ciao, Professore! (1993)",2.75,4
311,Clean Slate (Coup de Torchon) (1981),2.75,4
546,"Forbidden Christ, The (Cristo proibito, Il) (1950)",2.75,4
657,Harlem (1993),2.75,4
738,In the Line of Duty 2 (1987),2.75,4
831,Ladybird Ladybird (1994),2.75,4
1518,Total Eclipse (1995),2.75,4
1562,"Underneath, The (1995)",2.75,4
363,Curdled (1996),2.75,8
1218,Reckless (1995),2.75,8
1414,Street Fighter (1994),2.75,8
479,Exit to Eden (1994),2.75,16
438,Drop Dead Fred (1991),2.75,24
609,"Glimmer Man, The (1996)",2.75,48
536,Flubber (1997),2.7547169811320753,53
638,"Great White Hype, The (1996)",2.7551020408163267,49
193,Blown Away (1994),2.7586206896551726,29
730,If Lucy Fell (1996),2.7586206896551726,29
604,Girl 6 (1996),2.76,25
708,How to Be a Player (1997),2.761904761904762,21
1019,Muppet Treasure Island (1996),2.761904761904762,84
700,Hot Shots! Part Deux (1993),2.764705882352941,68
1360,Something to Talk About (1995),2.769230769230769,26
424,Don't Be a Menace to South Central While Drinking Your Juice in the Hood (1996),2.7714285714285714,35
384,Daylight (1996),2.7719298245614037,57
1094,Oliver & Company (1988),2.772727272727273,22
1659,Young Guns II (1990),2.772727272727273,44
1366,Space Jam (1996),2.774193548387097,93
1160,Poetic Justice (1993),2.7777777777777777,9
1519,Touch (1997),2.7777777777777777,9
896,"Love Bug, The (1969)",2.78,50
693,Homeward Bound II: Lost in San Francisco (1996),2.78125,32
1040,Naked Gun 33 1/3: The Final Insult (1994),2.782608695652174,69
143,Beavis and Butt-head Do America (1996),2.7884615384615383,156
269,Carpool (1996),2.8,5
440,Drunks (1995),2.8,5
974,Midnight Dancers (Sibak) (1994),2.8,5
1202,Race the Sun (1996),2.8,5
1259,Roseanna's Grave (For Roseanna) (1997),2.8,5
1561,Underground (1995),2.8,5
52,"Amazing Panda Adventure, The (1995)",2.8,10
310,Clean Slate (1994),2.8,10
1621,"White Balloon, The (1995)",2.8,10
320,Cobb (1994),2.8,15
955,Maximum Risk (1996),2.8,20
1611,Wes Craven's New Nightmare (1994),2.8,35
221,"Brady Bunch Movie, The (1995)",2.8026315789473686,76
1603,Waterworld (1995),2.803921568627451,102
1588,Volcano (1997),2.808219178082192,219
33,"Air Up There, The (1994)",2.8125,16
208,Boomerang (1992),2.8125,32
1299,Serial Mom (1994),2.814814814814815,54
993,Money Talks (1997),2.8152173913043477,92
20,Addams Family Values (1993),2.8160919540229883,87
798,"Juror, The (1996)",2.817073170731707,82
746,"Indian in the Cupboard, The (1995)",2.8205128205128207,39
948,Mary Reilly (1996),2.8205128205128207,39
198,Blues Brothers 2000 (1998),2.8214285714285716,28
1443,Switchback (1997),2.823529411764706,17
1568,Until the End of the World (Bis ans Ende der Welt) (1991),2.8260869565217392,23
396,Deceiver (1997),2.8275862068965516,29
42,Alien 3 (1992),2.83,100
530,Flesh and Bone (1993),2.8333333333333335,6
1068,Nina Takes a Lover (1994),2.8333333333333335,6
542,For Love or Money (1993),2.8333333333333335,12
895,Love Affair (1994),2.8333333333333335,12
1320,Shiloh (1997),2.8333333333333335,12
523,Firestorm (1998),2.8333333333333335,18
707,Houseguest (1994),2.8333333333333335,24
1018,Multiplicity (1996),2.8358208955223883,134
1184,"Program, The (1993)",2.838709677419355,31
1490,Threesome (1994),2.838709677419355,31
90,"Apple Dumpling Gang, The (1975)",2.84,25
279,Cats Don't Dance (1997),2.84375,32
1525,"Transformers: The Movie, The (1986)",2.84375,32
37,Aladdin and the King of Thieves (1996),2.8461538461538463,26
147,Before and After (1996),2.8461538461538463,26
945,Mars Attacks! (1996),2.847926267281106,217
822,Kiss of Death (1995),2.85,20
1454,Tank Girl (1995),2.8536585365853657,41
901,Love and Other Catastrophes (1996),2.857142857142857,7
1436,"Swan Princess, The (1994)",2.857142857142857,7
188,Blood & Wine (1997),2.8636363636363638,22
1307,Shadow Conspiracy (1997),2.8636363636363638,44
1371,Species (1995),2.8666666666666667,45
286,Cemetery Man (Dellamorte Dellamore) (1994),2.869565217391304,23
99,Assassins (1995),2.871794871794872,39
165,Bhaji on the Beach (1993),2.875,8
781,Jimmy Hollywood (1994),2.875,8
130,Bastard Out of Carolina (1996),2.875,16
868,Little Big League (1994),2.875,16
1128,Party Girl (1995),2.875,16
999,Mortal Kombat (1995),2.877551020408163,49
1017,Mulholland Falls (1996),2.8780487804878048,82
1224,"Relic, The (1997)",2.88,25
1346,"Smile Like Yours, A (1997)",2.88,25
740,In the Mouth of Madness (1995),2.8846153846153846,26
412,Diabolique (1996),2.887323943661972,71
1627,Wild America (1997),2.888888888888889,9
1309,"Shadow, The (1994)",2.888888888888889,45
1509,"To Wong Foo, Thanks for Everything! Julie Newmar (1995)",2.8947368421052633,57
277,Cat People (1982),2.8958333333333335,48
790,Judge Dredd (1995),2.8974358974358974,39
505,Father of the Bride Part II (1995),2.8984375,128
624,"Goofy Movie, A (1995)",2.9,20
588,Georgia (1995),2.9,30
655,Hard Rain (1998),2.903225806451613,31
1243,Rising Sun (1993),2.9069767441860463,43
2,101 Dalmatians (1996),2.908256880733945,109
381,"Davy Crockett, King of the Wild Frontier (1955)",2.909090909090909,11
1535,"Truman Show, The (1998)",2.909090909090909,11
1514,Tommy Boy (1995),2.909090909090909,66
1085,"Nutty Professor, The (1996)",2.914110429447853,163
969,Metro (1997),2.9166666666666665,36
808,Kicking and Screaming (1995),2.923076923076923,13
1118,Palookaville (1996),2.923076923076923,13
77,Angels in the Outfield (1994),2.923076923076923,39
928,"Man Who Knew Too Little, The (1997)",2.923076923076923,52
525,First Kid (1996),2.925,40
1171,"Preacher's Wife, The (1996)",2.926470588235294,68
1376,Sphere (1998),2.926829268292683,41
470,"Evening Star, The (1996)",2.9310344827586206,29
1069,Nine Months (1995),2.9310344827586206,58
695,Hoodlum (1997),2.9315068493150687,73
521,Fire Down Below (1997),2.9318181818181817,44
556,Foxfire (1996),2.933333333333333,15
378,Dante's Peak (1997),2.933333333333333,240
1188,"Prophecy, The (1995)",2.9375,32
1024,Mute Witness (1994),2.9411764705882355,17
891,"Lost World: Jurassic Park, The (1997)",2.9430379746835444,158
1043,Natural Born Killers (1994),2.953125,128
1181,Private Benjamin (1980),2.955223880597015,67
1214,Reality Bites (1994),2.961038961038961,77
1152,Picture Perfect (1997),2.962962962962963,81
466,Escape to Witch Mountain (1975),2.966666666666667,30
487,FairyTale: A True Story (1997),2.966666666666667,30
203,Body Snatchers (1993),2.971014492753623,69
1449,Tales From the Crypt Presents: Demon Knight (1995),2.9767441860465116,43
427,"Doors, The (1991)",2.9782608695652173,46
476,Evita (1996),2.9806949806949805,259
1334,Sirens (1994),2.983050847457627,59
48,All Things Fair (1996),3.0,1
75,Angela (1995),3.0,1
108,B. Monkey (1998),3.0,1
172,"Big One, The (1997)",3.0,1
287,Century (1993),3.0,1
366,Cyclo (1995),3.0,1
370,Dadetown (1995),3.0,1
454,"Eighth Day, The (1996)",3.0,1
512,"Fear, The (1995)",3.0,1
522,Fire on the Mountain (1996),3.0,1
606,Girls Town (1996),3.0,1
652,Hana-bi (1997),3.0,1
786,Johns (1996),3.0,1
834,Land and Freedom (Tierra y libertad) (1995),3.0,1
897,Love Is All There Is (1996),3.0,1
915,Mad Dog Time (1996),3.0,1
985,Mirage (1995),3.0,1
1055,"Next Step, The (1995)",3.0,1
1075,Normal Life (1996),3.0,1
1111,"Other Voices, Other Rooms (1997)",3.0,1
1125,Paris Was a Woman (1995),3.0,1
1225,"Reluctant Debutante, The (1958)",3.0,1
1286,Scream of Stone (Schrei aus Stein) (1991),3.0,1
1330,"Silence of the Palace, The (Saimt el Qusur) (1994)",3.0,1
1340,Sleepover (1995),3.0,1
1428,"Sunchaser, The (1996)",3.0,1
1438,Sweet Nothing (1995),3.0,1
1448,Tainted (1998),3.0,1
1455,Target (1995),3.0,1
1487,Three Lives and Only One Death (1996),3.0,1
1550,Two Friends (1986) ,3.0,1
1593,"Walk in the Sun, A (1945)",3.0,1
1604,Wedding Bell Blues (1996),3.0,1
1626,"Wife, The (1995)",3.0,1
1656,You So Crazy (1994),3.0,1
1663,Á köldum klaka (Cold Fever) (1994),3.0,1
377,Daniel Defoe's Robinson Crusoe (1996),3.0,2
401,Delta of Venus (1994),3.0,2
408,Destiny Turns on the Radio (1995),3.0,2
619,"Good Man in Africa, A (1994)",3.0,2
754,Intimate Relations (1996),3.0,2
866,"Line King: Al Hirschfeld, The (1996)",3.0,2
1051,New Jersey Drive (1995),3.0,2
1268,S.F.W. (1994),3.0,2
1272,Safe Passage (1994),3.0,2
1279,"Scarlet Letter, The (1926)",3.0,2
1327,"Show, The (1995)",3.0,2
1469,The Deadly Cure (1996),3.0,2
1521,Tough and Deadly (1995),3.0,2
47,All Over Me (1997),3.0,3
508,Fausto (1993),3.0,3
992,Mondo (1996),3.0,3
1065,Nightwatch (1997),3.0,3
1278,"Savage Nights (Nuits fauves, Les) (1992)",3.0,3
1412,"Stranger, The (1994)",3.0,3
253,C'est arrivé près de chez vous (1992),3.0,4
459,"Enfer, L' (1994)",3.0,4
485,Faces (1968),3.0,4
589,Germinal (1993),3.0,4
663,Head Above Water (1996),3.0,4
840,"Last Klezmer: Leopold Kozlowski, His Life and Music, The (1995)",3.0,4
899,Love Serenade (1996),3.0,4
1009,Mr. Wonderful (1993),3.0,4
1053,"Newton Boys, The (1998)",3.0,4
1282,Schizopolis (1996),3.0,4
1470,The Innocent (1994),3.0,4
14,Above the Rim (1994),3.0,5
238,Brother Minister: The Assassination of Malcolm X (1994),3.0,5
1180,Prisoner of the Mountains (Kavkazsky Plennik) (1996),3.0,5
1255,Romper Stomper (1992),3.0,5
73,Angel and the Badman (1947),3.0,6
824,Kissed (1996),3.0,6
1292,"Secret Agent, The (1996)",3.0,6
403,Denise Calls Up (1995),3.0,7
502,Faster Pussycat! Kill! Kill! (1965),3.0,7
1164,"Pompatus of Love, The (1996)",3.0,7
307,City of Angels (1998),3.0,8
772,Jason's Lyric (1994),3.0,8
1134,Penny Serenade (1941),3.0,8
1229,Rent-a-Kid (1995),3.0,8
334,"Contempt (Mépris, Le) (1963)",3.0,9
1555,U.S. Marshalls (1998),3.0,9
242,"Browning Version, The (1994)",3.0,10
864,Lightning Jack (1994),3.0,10
1601,Warriors of Virtue (1997),3.0,10
271,Carried Away (1996),3.0,11
888,Losing Isaiah (1995),3.0,12
121,Balto (1995),3.0,16
726,I'm Not Rappaport (1996),3.0,17
705,"House of Yes, The (1997)",3.0,18
1247,Robert A. Heinlein's The Puppet Masters (1994),3.0,18
185,Blink (1994),3.0,19
789,Jude (1996),3.0,23
540,Fools Rush In (1997),3.0,24
354,"Crossing Guard, The (1995)",3.0,28
1312,"Shaggy Dog, The (1959)",3.0,30
316,Clockers (1995),3.0,33
1254,Romeo Is Bleeding (1993),3.0,37
420,Disclosure (1994),3.0,40
1227,Renaissance Man (1994),3.0,43
442,Dumb & Dumber (1994),3.0,69
1048,"Net, The (1995)",3.0083333333333333,120
1319,She's the One (1996),3.0136986301369864,73
527,"First Wives Club, The (1996)",3.01875,160
126,Barcelona (1994),3.018867924528302,53
315,Cliffhanger (1993),3.021505376344086,93
795,Junior (1994),3.022222222222222,45
526,First Knight (1995),3.0232558139534884,86
4,187 (1997),3.024390243902439,41
336,"Cook the Thief His Wife & Her Lover, The (1989)",3.024390243902439,82
710,"Howling, The (1981)",3.026315789473684,38
482,Eye for an Eye (1996),3.03125,32
235,Broken Arrow (1996),3.031496062992126,254
553,Four Rooms (1995),3.033333333333333,90
1396,Star Trek: The Motion Picture (1979),3.034188034188034,117
1222,"Ref, The (1994)",3.0344827586206895,58
96,"Arrival, The (1996)",3.036144578313253,83
644,Grumpier Old Men (1995),3.0405405405405403,148
706,"House of the Spirits, The (1993)",3.0416666666666665,24
1015,Mrs. Winterbourne (1996),3.0454545454545454,22
1057,Nick of Time (1995),3.0454545454545454,44
328,Conan the Barbarian (1981),3.046728971962617,107
17,Ace Ventura: Pet Detective (1994),3.0485436893203883,103
23,"Adventures of Pinocchio, The (1996)",3.051282051282051,39
1389,Star Maps (1997),3.0526315789473686,19
1352,So I Married an Axe Murderer (1993),3.0526315789473686,95
164,Beyond Rangoon (1995),3.0555555555555554,18
721,I Know What You Did Last Summer (1997),3.06,100
810,Kids (1995),3.061224489795918,49
1256,Romy and Michele's High School Reunion (1997),3.061224489795918,98
1641,With Honors (1994),3.0652173913043477,46
949,Mary Shelley's Frankenstein (1994),3.0677966101694913,59
1505,To Gillian on Her 37th Birthday (1996),3.0681818181818183,44
145,Bedknobs and Broomsticks (1971),3.0701754385964914,57
1368,Spanking the Monkey (1994),3.074074074074074,27
862,"Life Less Ordinary, A (1997)",3.0754716981132075,53
275,Casper (1995),3.076923076923077,52
811,Kids in the Hall: Brain Candy (1996),3.076923076923077,65
1499,Tin Men (1987),3.0784313725490198,51
175,Billy Madison (1995),3.081081081081081,37
435,Dragonheart (1996),3.0822784810126582,158
1372,Speechless (1994),3.0833333333333335,36
877,Live Nude Girls (1995),3.0869565217391304,23
1020,Murder at 1600 (1997),3.0871559633027523,218
690,Home Alone (1990),3.0875912408759123,137
350,Critical Care (1997),3.090909090909091,11
80,Anna Karenina (1997),3.090909090909091,33
290,"Chamber, The (1996)",3.0930232558139537,43
493,"Fan, The (1996)",3.09375,64
898,Love Jones (1997),3.0952380952380953,42
1123,"Parent Trap, The (1961)",3.095890410958904,73
1496,Timecop (1994),3.096774193548387,31
43,Alien: Resurrection (1997),3.096774193548387,124
1276,"Santa Clause, The (1994)",3.097560975609756,82
614,Gold Diggers: The Secret of Bear Mountain (1995),3.1,10
1151,Picture Bride (1995),3.1,10
1653,Wyatt Earp (1994),3.1,50
419,Dirty Dancing (1987),3.1020408163265305,98
1433,Surviving Picasso (1996),3.1052631578947367,19
115,Bad Boys (1995),3.1052631578947367,57
411,"Devil's Own, The (1997)",3.1083333333333334,240
590,Geronimo: An American Legend (1993),3.111111111111111,9
839,Last Dance (1996),3.111111111111111,9
935,Man of the Year (1995),3.111111111111111,9
28,Afterglow (1997),3.111111111111111,18
71,Andre (1994),3.111111111111111,18
1390,Star Trek III: The Search for Spock (1984),3.111111111111111,171
518,Fierce Creatures (1997),3.1145833333333335,96
347,"Craft, The (1996)",3.1153846153846154,104
499,Farinelli: il castrato (1994),3.1176470588235294,17
569,From Dusk Till Dawn (1996),3.119565217391304,92
1071,Nixon (1995),3.1222222222222222,90
1274,"Saint, The (1997)",3.1234177215189876,316
573,Full Speed (1996),3.125,8
902,Love and a .45 (1994),3.125,8
770,James and the Giant Peach (1996),3.126984126984127,126
93,"Aristocats, The (1970)",3.1296296296296298,54
820,Kingpin (1996),3.1296296296296298,162
1002,Mother (1996),3.1301775147928996,169
755,Inventing the Abbotts (1997),3.130434782608696,23
1263,Ruby in Paradise (1993),3.130434782608696,23
252,"Bye Bye, Love (1995)",3.1333333333333333,15
1179,Princess Caraboo (1994),3.1333333333333333,15
889,Lost Highway (1997),3.136,125
305,City Hall (1996),3.1392405063291138,79
1399,Stargate (1994),3.141732283464567,127
106,Ayn Rand: A Sense of Life (1997),3.142857142857143,7
437,Dream With the Fishes (1997),3.142857142857143,7
1192,Purple Noon (1960),3.142857142857143,7
1117,Palmetto (1998),3.142857142857143,14
1630,Wild Reeds (1994),3.142857142857143,14
800,Just Cause (1995),3.142857142857143,28
764,Jack (1996),3.142857142857143,70
1244,"River Wild, The (1994)",3.143835616438356,146
490,Fallen (1998),3.1463414634146343,41
219,Boys on the Side (1995),3.1470588235294117,34
555,"Fox and the Hound, The (1981)",3.1475409836065573,61
1163,Pollyanna (1960),3.1481481481481484,27
766,"Jackal, The (1997)",3.1494252873563218,87
463,Eraser (1996),3.150485436893204,206
402,Demolition Man (1993),3.152173913043478,92
939,Manny & Lo (1996),3.1538461538461537,13
342,"Corrina, Corrina (1994)",3.1538461538461537,39
1104,Only You (1994),3.1538461538461537,39
1477,Things to Do in Denver when You're Dead (1995),3.1549295774647885,71
692,Home for the Holidays (1995),3.1551724137931036,58
860,Liar Liar (1997),3.156701030927835,485
223,Bram Stoker's Dracula (1992),3.158333333333333,120
510,Fear (1996),3.159090909090909,44
1497,Tin Cup (1996),3.160621761658031,193
821,"Kiss Me, Guido (1997)",3.161290322580645,31
338,Cool Runnings (1993),3.161764705882353,68
975,Midnight in the Garden of Good and Evil (1997),3.1625,80
1031,My Fellow Americans (1996),3.1627906976744184,86
233,"Bridges of Madison County, The (1995)",3.1641791044776117,67
445,Duoluo tianshi (1995),3.1666666666666665,6
535,"Flower of My Secret, The (Flor de mi secreto, La) (1995)",3.1666666666666665,6
1089,Of Love and Shadows (1994),3.1666666666666665,6
227,Bread and Chocolate (Pane e cioccolata) (1973),3.1666666666666665,12
871,Little Lord Fauntleroy (1936),3.1666666666666665,12
894,Love & Human Remains (1993),3.1666666666666665,12
1384,Stalingrad (1993),3.1666666666666665,12
1388,"Star Maker, The (Uomo delle stelle, L') (1995)",3.1666666666666665,12
1512,Tom and Huck (1995),3.1666666666666665,12
51,Amateur (1994),3.1666666666666665,18
892,Lost in Space (1998),3.1666666666666665,18
1347,Smilla's Sense of Snow (1997),3.1666666666666665,48
21,Addicted to Love (1997),3.1666666666666665,54
1364,Soul Food (1997),3.169491525423729,59
1064,"Nightmare on Elm Street, A (1984)",3.171171171171171,111
481,Extreme Measures (1996),3.171875,64
924,Malice (1993),3.1739130434782608,46
952,"MatchMaker, The (1997)",3.176470588235294,51
197,Blue in the Face (1995),3.1777777777777776,45
1129,Passion Fish (1992),3.1785714285714284,28
1026,My Crazy Life (Mi vida loca) (1993),3.1818181818181817,11
1003,Mother Night (1996),3.1818181818181817,22
753,Interview with the Vampire (1994),3.1824817518248176,137
1491,Tie Me Up! Tie Me Down! (1990),3.1875,32
1570,Up Close and Personal (1996),3.1882352941176473,85
1109,Oscar & Lucinda (1997),3.1904761904761907,21
550,Forget Paris (1995),3.193548387096774,62
950,"Mask, The (1994)",3.193798449612403,129
216,Boys Life (1995),3.2,5
295,Children of the Revolution (1996),3.2,5
1088,Of Human Bondage (1934),3.2,5
1409,"Story of Xinghua, The (1993)",3.2,5
351,Cronos (1992),3.2,10
511,Fear of a Black Hat (1993),3.2,10
1331,"Simple Twist of Fate, A (1994)",3.2,10
1649,Wonderland (1997),3.2,10
611,Go Fish (1994),3.2,15
1531,"Trigger Effect, The (1996)",3.2,35
598,"Ghost and the Darkness, The (1996)",3.203125,128
244,Bulletproof (1996),3.204081632653061,49
563,French Twist (Gazon maudit) (1995),3.2051282051282053,39
616,GoldenEye (1995),3.2061068702290076,131
1658,Young Guns (1988),3.207920792079208,101
1169,Powder (1995),3.2083333333333335,48
1198,"Quick and the Dead, The (1995)",3.2083333333333335,48
639,Gridlock'd (1997),3.210526315789474,19
953,Matilda (1996),3.210526315789474,95
694,Homeward Bound: The Incredible Journey (1993),3.2131147540983607,61
1547,Twister (1996),3.2150170648464163,293
1285,Scream 2 (1997),3.2169811320754715,106
801,Kalifornia (1993),3.2203389830508473,59
629,"Grass Harp, The (1995)",3.2222222222222223,9
1336,"Sixth Man, The (1997)",3.2222222222222223,9
1489,Three Wishes (1995),3.2222222222222223,9
910,M. Butterfly (1993),3.2222222222222223,18
636,Great Expectations (1998),3.2222222222222223,27
1168,"Postman, The (1997)",3.2241379310344827,58
1120,"Paper, The (1994)",3.225,40
5,2 Days in the Valley (1996),3.225806451612903,93
1249,Robin Hood: Prince of Thieves (1991),3.2266666666666666,75
127,Basic Instinct (1992),3.227722772277228,101
272,Carrington (1995),3.230769230769231,13
1258,Roommates (1995),3.230769230769231,13
1444,Switchblade Sisters (1975),3.230769230769231,13
1457,Telling Lies in America (1997),3.230769230769231,13
1642,Withnail and I (1987),3.230769230769231,13
1101,One Fine Day (1996),3.232142857142857,112
1401,Starship Troopers (1997),3.2322274881516586,211
144,Bed of Roses (1996),3.2333333333333334,60
567,"Frighteners, The (1996)",3.234782608695652,115
167,"Big Blue, The (Grand bleu, Le) (1988)",3.235294117647059,17
513,Fearless (1993),3.24,25
1039,Naked (1993),3.24,25
1528,Trees Lounge (1996),3.24,50
1113,Outbreak (1995),3.2403846153846154,104
465,Escape from New York (1981),3.241758241758242,91
101,"Associate, The (1996)",3.2439024390243905,41
104,Austin Powers: International Man of Mystery (1997),3.246153846153846,130
11,8 Heads in a Duffel Bag (1997),3.25,4
641,Grosse Fatigue (1994),3.25,4
701,Hotel de Love (1996),3.25,4
1267,"Run of the Country, The (1995)",3.25,4
1351,So Dear to My Heart (1949),3.25,4
1423,"Substance of Fire, The (1996)",3.25,4
281,Caught (1996),3.25,8
626,Grace of My Heart (1996),3.25,8
664,Hear My Song (1991),3.25,8
887,Losing Chase (1996),3.25,8
745,Indian Summer (1996),3.25,20
129,Basquiat (1996),3.25,44
768,Jackie Chan's First Strike (1996),3.2551724137931033,145
914,Mad City (1997),3.25531914893617,47
1571,Up in Smoke (1978),3.25531914893617,47
264,Career Girls (1997),3.2564102564102564,39
672,Heavy Metal (1981),3.26027397260274,73
1410,Strange Days (1995),3.264367816091954,87
1600,"War, The (1994)",3.2666666666666666,15
1133,"Peacemaker, The (1997)",3.2720588235294117,136
1413,Strawberry and Chocolate (Fresa y chocolate) (1993),3.272727272727273,11
1014,Mrs. Parker and the Vicious Circle (1994),3.272727272727273,22
1483,"Three Caballeros, The (1945)",3.272727272727273,22
474,Everyone Says I Love You (1996),3.2738095238095237,168
1504,To Die For (1995),3.2758620689655173,87
524,"Firm, The (1993)",3.2781456953642385,151
1393,Star Trek VI: The Undiscovered Country (1991),3.279503105590062,161
416,Die Hard: With a Vengeance (1995),3.2847682119205297,151
495,Far From Home: The Adventures of Yellow Dog (1995),3.2857142857142856,7
712,Hugo Pool (1997),3.2857142857142856,7
817,Kim (1950),3.2857142857142856,7
1081,Nothing to Lose (1994),3.2857142857142856,7
1122,Paradise Road (1997),3.2857142857142856,7
1655,Year of the Horse (1997),3.2857142857142856,7
761,It's My Party (1995),3.2857142857142856,21
1099,Once Upon a Time... When We Were Colored (1995),3.2857142857142856,28
1592,"Walk in the Clouds, A (1995)",3.2857142857142856,63
637,"Great Race, The (1965)",3.2903225806451615,31
1559,Under Siege (1992),3.2903225806451615,124
1602,Washington Square (1997),3.2941176470588234,34
180,Bitter Moon (1992),3.3,10
488,Faithful (1996),3.3,10
1165,Ponette (1996),3.3,10
341,Copycat (1995),3.302325581395349,86
1488,"Three Musketeers, The (1993)",3.303370786516854,89
733,In & Out (1997),3.3043478260869565,230
1526,Traveller (1997),3.3076923076923075,13
1230,"Replacement Killers, The (1998)",3.3076923076923075,39
1264,Rudy (1993),3.3125,64
792,Jumanji (1995),3.3125,96
987,Mission: Impossible (1996),3.313953488372093,344
592,Get on the Bus (1996),3.3157894736842106,38
802,Kama Sutra: A Tale of Love (1996),3.3181818181818183,22
869,Little Buddha (1993),3.3181818181818183,22
1567,Unstrung Heroes (1995),3.3181818181818183,22
971,Michael (1996),3.319327731092437,119
407,Desperate Measures (1998),3.3194444444444446,72
728,I.Q. (1994),3.3209876543209877,81
1173,Pretty Woman (1990),3.323170731707317,164
1564,Unforgettable (1996),3.323529411764706,34
1445,"Sword in the Stone, The (1963)",3.3292682926829267,82
220,"Boys, Les (1997)",3.3333333333333335,3
749,"Inkwell, The (1994)",3.3333333333333335,3
1174,"Price Above Rubies, A (1998)",3.3333333333333335,3
1228,"Rendezvous in Paris (Rendez-vous de Paris, Les) (1995)",3.3333333333333335,3
214,Boy's Life 2 (1997),3.3333333333333335,6
215,Boys (1996),3.3333333333333335,6
364,"Cure, The (1995)",3.3333333333333335,6
578,Gabbeh (1996),3.3333333333333335,6
1185,"Promesse, La (1996)",3.3333333333333335,6
995,"Month by the Lake, A (1995)",3.3333333333333335,9
1511,Tom & Viv (1994),3.3333333333333335,9
1532,True Crime (1995),3.3333333333333335,9
1598,"War Room, The (1993)",3.3333333333333335,9
49,Alphaville (1965),3.3333333333333335,12
1203,Radioland Murders (1994),3.3333333333333335,12
684,Higher Learning (1995),3.3333333333333335,30
562,French Kiss (1995),3.3333333333333335,84
1395,Star Trek: Generations (1994),3.336206896551724,116
358,"Crucible, The (1996)",3.3376623376623376,77
1583,Victor/Victoria (1982),3.3376623376623376,77
709,How to Make an American Quilt (1995),3.3380281690140845,71
376,Dangerous Minds (1995),3.3404255319148937,47
1660,"Young Poisoner's Handbook, The (1995)",3.341463414634146,41
422,Dolores Claiborne (1994),3.3417721518987342,79
1092,"Old Man and the Sea, The (1958)",3.34375,32
631,Grease (1978),3.347058823529412,170
1155,Pink Floyd - The Wall (1982),3.3508771929824563,114
961,Meet Me in St. Louis (1944),3.3548387096774195,31
415,Die Hard 2 (1990),3.355421686746988,166
478,Executive Decision (1996),3.356687898089172,157
561,Freeway (1996),3.357142857142857,42
1442,Swiss Family Robinson (1960),3.358974358974359,39
1554,U Turn (1997),3.359375,64
577,G.I. Jane (1997),3.36,175
1025,My Best Friend's Wedding (1997),3.36046511627907,172
1466,That Old Feeling (1997),3.3636363636363638,11
1608,Welcome To Sarajevo (1997),3.3636363636363638,22
986,"Mirror Has Two Faces, The (1996)",3.3636363636363638,66
15,Absolute Power (1997),3.37007874015748,127
119,Bad Taste (1987),3.375,16
461,"Englishman Who Went Up a Hill, But Came Down a Mountain, The (1995)",3.375,32
1059,Night Falls on Manhattan (1997),3.375,32
1403,Stealing Beauty (1996),3.375,64
339,Cop Land (1997),3.3771428571428572,175
713,"Hunchback of Notre Dame, The (1996)",3.377952755905512,127
724,I Shot Andy Warhol (1996),3.3783783783783785,37
35,Akira (1988),3.38,50
314,"Client, The (1994)",3.381443298969072,97
218,"Boys of St. Vincent, The (1993)",3.3846153846153846,13
1453,"Tango Lesson, The (1997)",3.3846153846153846,13
29,"Age of Innocence, The (1993)",3.3846153846153846,65
409,Devil in a Blue Dress (1995),3.3859649122807016,57
1219,Red Corner (1997),3.3859649122807016,57
1095,"Omen, The (1976)",3.388235294117647,85
653,Happy Gilmore (1996),3.389261744966443,149
140,Beautiful Girls (1996),3.391304347826087,115
156,Best Men (1997),3.4,5
847,Late Bloomers (1996),3.4,5
856,Legal Deceit (1997),3.4,5
1616,When Night Is Falling (1995),3.4,5
1097,Once Upon a Time in America (1984),3.4,50
397,Deconstructing Harry (1997),3.4,65
1623,White Squall (1996),3.4,85
228,Breakdown (1997),3.4025974025974026,77
1482,"Thousand Acres, A (1997)",3.4054054054054053,37
266,Carlito's Way (1993),3.4074074074074074,54
146,Before Sunrise (1995),3.4081632653061225,49
1013,Mrs. Doubtfire (1993),3.4114583333333335,192
1542,Twelfth Night (1996),3.413793103448276,29
196,Blue Sky (1994),3.4166666666666665,12
932,"Man in the Iron Mask, The (1998)",3.4166666666666665,12
76,Angels and Insects (1995),3.4166666666666665,72
1191,Pump Up the Volume (1990),3.4177215189873418,79
355,"Crow, The (1994)",3.417910447761194,134
976,Mighty Aphrodite (1995),3.4184782608695654,184
1300,Set It Off (1996),3.4210526315789473,19
1061,Night of the Living Dead (1968),3.421875,64
332,Conspiracy Theory (1997),3.4237288135593222,295
70,Anastasia (1997),3.4242424242424243,66
128,"Basketball Diaries, The (1995)",3.425,40
1361,Somewhere in Time (1980),3.426829268292683,82
1515,Tomorrow Never Dies (1997),3.4277777777777776,180
132,Batman (1989),3.427860696517413,201
428,Double Happiness (1994),3.4285714285714284,7
933,"Man of No Importance, A (1994)",3.4285714285714284,7
967,Mercury Rising (1998),3.4285714285714284,7
393,Death and the Maiden (1994),3.4285714285714284,28
734,In Love and War (1996),3.4285714285714284,28
1037,Mystery Science Theater 3000: The Movie (1996),3.4307692307692306,130
94,Army of Darkness (1993),3.4310344827586206,116
501,"Fast, Cheap & Out of Control (1997)",3.4375,32
744,Independence Day (ID4) (1996),3.438228438228438,429
1284,Scream (1996),3.4414225941422596,478
178,"Birdcage, The (1996)",3.4436860068259385,293
1639,"Winter Guest, The (1997)",3.4444444444444446,9
1662,unknown,3.4444444444444446,9
182,Black Beauty (1994),3.4444444444444446,27
925,Mallrats (1995),3.4444444444444446,54
1391,Star Trek IV: The Voyage Home (1986),3.4472361809045227,199
843,"Last Supper, The (1995)",3.4482758620689653,58
1266,Rumble in the Bronx (1995),3.4482758620689653,174
912,Ma vie en rose (My Life in Pink) (1997),3.45,20
240,"Brothers McMullen, The (1995)",3.452054794520548,73
406,Desperado (1995),3.4536082474226806,97
211,Bottle Rocket (1996),3.4545454545454546,44
262,Cape Fear (1991),3.456140350877193,171
972,Michael Collins (1996),3.4565217391304346,92
1558,"Unbearable Lightness of Being, The (1988)",3.4565217391304346,92
857,Legends of the Fall (1994),3.45679012345679,81
1302,Seven Years in Tibet (1997),3.458064516129032,155
1083,Now and Then (1995),3.4583333333333335,24
319,Clueless (1995),3.458823529411765,170
327,Con Air (1997),3.45985401459854,137
966,Menace II Society (1993),3.46,50
732,Immortal Beloved (1994),3.4603174603174605,63
154,Benny & Joon (1993),3.4607843137254903,102
1220,"Red Firecracker, Green Firecracker (1994)",3.4615384615384617,13
565,Friday (1995),3.4615384615384617,26
823,Kiss the Girls (1997),3.4615384615384617,143
608,Glengarry Glen Ross (1992),3.463768115942029,69
596,Ghost (1990),3.4647058823529413,170
1232,Restoration (1995),3.464788732394366,71
1467,That Thing You Do! (1996),3.465909090909091,176
1103,One Night Stand (1997),3.466666666666667,15
387,Dazed and Confused (1993),3.46875,64
954,Maverick (1994),3.46875,128
884,"Long Kiss Goodnight, The (1996)",3.4702702702702704,185
114,Backbeat (1993),3.473684210526316,19
816,Killing Zoe (1994),3.475,40
1304,"Sex, Lies, and Videotape (1989)",3.4752475247524752,101
771,Jane Eyre (1996),3.4761904761904763,63
519,"Fifth Element, The (1997)",3.4771573604060912,197
1044,Nell (1994),3.4814814814814814,81
1516,Top Gun (1986),3.481818181818182,220
600,Ghosts of Mississippi (1996),3.4827586206896552,29
640,"Grifters, The (1990)",3.4831460674157304,89
1093,Old Yeller (1957),3.484375,64
1537,"Truth About Cats & Dogs, The (1996)",3.485294117647059,272
1606,"Wedding Singer, The (1998)",3.486111111111111,72
302,Circle of Friends (1995),3.486842105263158,76
1618,When a Man Loves a Woman (1994),3.4871794871794872,39
1614,What's Love Got to Do with It (1993),3.488888888888889,45
826,Koyaanisqatsi (1983),3.490566037735849,53
443,Dumbo (1941),3.4959349593495936,123
137,"Beans of Egypt, Maine, The (1994)",3.5,2
870,Little City (1998),3.5,2
963,Men With Guns (1997),3.5,2
1343,"Slingshot, The (1993)",3.5,2
1587,"Visitors, The (Visiteurs, Les) (1993)",3.5,2
324,"Colonel Chabert, Le (1994)",3.5,4
630,Grateful Dead (1995),3.5,4
819,King of the Hill (1993),3.5,4
1086,Nénette et Boni (1996),3.5,6
1546,Twisted (1996),3.5,6
957,"Maybe, Maybe Not (Bewegte Mann, Der) (1994)",3.5,8
352,Crooklyn (1994),3.5,10
743,Incognito (1997),3.5,10
379,Dark City (1998),3.5,16
100,"Assignment, The (1997)",3.5,18
660,"Hate (Haine, La) (1995)",3.5,18
202,"Body Snatcher, The (1945)",3.5,22
1196,"Queen Margot (Reine Margot, La) (1994)",3.5,24
991,Moll Flanders (1996),3.5,42
6,"20,000 Leagues Under the Sea (1954)",3.5,72
1270,Sabrina (1995),3.5,190
270,Carrie (1976),3.5041322314049586,121
1589,Wag the Dog (1997),3.510948905109489,137
1349,Sneakers (1992),3.513333333333333,150
1338,Sleepers (1996),3.514792899408284,169
679,Hercules (1997),3.515151515151515,66
410,"Devil's Advocate, The (1997)",3.515957446808511,188
475,Evil Dead II (1987),3.5168539325842696,89
261,Cape Fear (1962),3.5232558139534884,86
778,Jeffrey (1995),3.5294117647058822,34
1182,Private Parts (1997),3.53,100
1030,My Favorite Year (1982),3.532258064516129,62
57,"American Werewolf in London, An (1981)",3.5353535353535355,99
685,Highlander (1986),3.5359477124183005,153
1432,Supercop (1992),3.5384615384615383,65
1613,What's Eating Gilbert Grape (1993),3.5391304347826087,115
453,"Edge, The (1997)",3.5398230088495577,113
1339,Sleepless in Seattle (1993),3.539906103286385,213
1303,"Seventh Seal, The (Sjunde inseglet, Det) (1957)",3.5416666666666665,72
1127,"Paris, Texas (1984)",3.5434782608695654,46
930,"Man Without a Face, The (1993)",3.5441176470588234,68
1293,"Secret Garden, The (1993)",3.5443037974683542,79
1385,Stalker (1979),3.5454545454545454,11
1427,"Sum of Us, The (1994)",3.5454545454545454,11
1569,Unzipped (1995),3.5454545454545454,11
846,"Last of the Mohicans, The (1992)",3.546875,128
1620,While You Were Sleeping (1995),3.549382716049383,162
1023,Muriel's Wedding (1994),3.55,100
591,Get Shorty (1995),3.550239234449761,209
423,Don Juan DeMarco (1995),3.5526315789473686,76
1235,"Return of the Pink Panther, The (1974)",3.5543478260869565,92
711,"Hudsucker Proxy, The (1994)",3.5545454545454547,110
874,"Little Princess, The (1939)",3.5555555555555554,9
1022,"Murder, My Sweet (1944)",3.5555555555555554,9
480,Exotica (1994),3.5555555555555554,27
492,"Family Thing, A (1996)",3.5555555555555554,45
1078,"Nosferatu (Nosferatu, eine Symphonie des Grauens) (1922)",3.5555555555555554,54
1096,On Golden Pond (1981),3.556603773584906,106
1146,Phenomenon (1996),3.557377049180328,244
1619,When the Cats Away (Chacun cherche son chat) (1996),3.5625,16
1533,True Lies (1994),3.5625,208
793,"Jungle Book, The (1994)",3.5647058823529414,85
1246,Rob Roy (1995),3.5652173913043477,92
666,Heat (1995),3.569506726457399,223
158,Better Off Dead... (1985),3.569620253164557,79
312,Clear and Present Danger (1994),3.569832402234637,179
85,Aparajito (1956),3.5714285714285716,7
917,Madame Butterfly (1995),3.5714285714285716,7
702,"Hour of the Pig, The (1993)",3.5714285714285716,14
298,Chungking Express (1994),3.5714285714285716,28
1440,Swimming with Sharks (1995),3.574468085106383,47
1316,Shanghai Triad (Yao a yao yao dao waipo qiao) (1995),3.576923076923077,26
1625,Widows' Peak (1994),3.5789473684210527,19
300,Cinderella (1950),3.5813953488372094,129
504,Father of the Bride (1950),3.5833333333333335,60
207,Boogie Nights (1997),3.5873015873015874,189
1063,"Nightmare Before Christmas, The (1993)",3.5874125874125875,143
16,"Abyss, The (1989)",3.589403973509934,151
946,Marvin's Room (1996),3.58974358974359,78
1575,Vanya on 42nd Street (1994),3.5925925925925926,27
579,"Game, The (1997)",3.593625498007968,251
1632,William Shakespeare's Romeo and Juliet (1996),3.5943396226415096,106
24,"Adventures of Priscilla, Queen of the Desert, The (1994)",3.5945945945945947,111
1135,"People vs. Larry Flynt, The (1996)",3.5953488372093023,215
585,Gattaca (1997),3.5955882352941178,136
1221,Red Rock West (1992),3.5961538461538463,52
533,Flirt (1995),3.6,5
921,"Magic Hour, The (1998)",3.6,5
285,"Cement Garden, The (1993)",3.6,10
1012,Mrs. Dalloway (1997),3.6,15
1021,Murder in the First (1995),3.6,60
1206,"Rainmaker, The (1997)",3.6,145
538,Fly Away Home (1996),3.6,180
1176,Primal Fear (1996),3.601123595505618,178
1149,"Piano, The (1993)",3.6011904761904763,168
450,Ed Wood (1994),3.601503759398496,133
231,Bride of Frankenstein (1935),3.608695652173913,46
1074,Nobody's Fool (1994),3.608695652173913,46
468,Eve's Bayou (1997),3.609375,64
345,Courage Under Fire (1996),3.6108597285067874,221
1150,Picnic (1955),3.611111111111111,18
1501,To Be or Not to Be (1942),3.611111111111111,18
1110,Othello (1995),3.611111111111111,72
729,"Ice Storm, The (1997)",3.611111111111111,108
942,"Mark of Zorro, The (1940)",3.6153846153846154,13
904,Love! Valour! Compassion! (1997),3.6153846153846154,26
1534,True Romance (1993),3.6153846153846154,104
1108,Orlando (1993),3.6176470588235294,34
988,"Misérables, Les (1995)",3.619047619047619,21
1348,Smoke (1995),3.6216216216216215,74
362,"Crying Game, The (1992)",3.6218487394957983,119
304,Citizen Ruth (1996),3.6222222222222222,45
1596,Walking and Talking (1996),3.625,8
1296,Selena (1997),3.625,16
55,"American President, The (1995)",3.6280487804878048,164
938,Manhattan Murder Mystery (1993),3.6296296296296298,27
349,Crimson Tide (1995),3.6298701298701297,154
32,Air Force One (1997),3.6310904872389793,431
1633,Willy Wonka and the Chocolate Factory (1971),3.6319018404907975,326
1036,My Own Private Idaho (1991),3.6333333333333333,30
1337,Sleeper (1973),3.6341463414634148,82
258,"Candidate, The (1972)",3.641025641025641,39
767,Jackie Brown (1997),3.642857142857143,126
1210,Ransom (1996),3.644194756554307,267
1201,Quiz Show (1994),3.645714285714286,175
1373,Speed (1994),3.6478260869565218,230
274,Casino (1995),3.6483516483516483,91
380,Dave (1993),3.65,180
597,"Ghost and Mrs. Muir, The (1947)",3.6511627906976742,43
981,Miller's Crossing (1990),3.651685393258427,89
758,It Could Happen to You (1994),3.652173913043478,46
599,Ghost in the Shell (Kokaku kidotai) (1995),3.6538461538461537,26
89,"Apostle, The (1997)",3.6545454545454548,55
460,"English Patient, The (1996)",3.656964656964657,481
602,Gigi (1958),3.658536585365854,41
873,"Little Princess, A (1995)",3.658536585365854,41
1394,Star Trek: First Contact (1996),3.66027397260274,365
95,Around the World in 80 Days (1956),3.6610169491525424,59
1355,Some Kind of Wonderful (1987),3.6610169491525424,59
554,Four Weddings and a Funeral (1994),3.6613545816733066,251
1213,Real Genius (1985),3.6638655462184873,119
162,"Bewegte Mann, Der (1994)",3.6666666666666665,3
788,"Joy Luck Club, The (1993)",3.6666666666666665,3
845,"Last Time I Saw Paris, The (1954)",3.6666666666666665,3
1029,My Favorite Season (1993),3.6666666666666665,3
1045,Nelly & Monsieur Arnaud (1995),3.6666666666666665,3
1200,"Quiet Room, The (1996)",3.6666666666666665,3
983,Mina Tannenbaum (1994),3.6666666666666665,6
123,"Band Wagon, The (1953)",3.6666666666666665,9
1422,SubUrbia (1997),3.6666666666666665,12
386,"Daytrippers, The (1996)",3.6666666666666665,15
1647,"Women, The (1939)",3.6666666666666665,15
575,Funny Face (1957),3.6666666666666665,21
1028,My Family (1995),3.6666666666666665,21
40,Alice in Wonderland (1951),3.6666666666666665,81
1513,Tombstone (1993),3.6666666666666665,108
1261,Rosewood (1997),3.6666666666666665,114
670,Heavenly Creatures (1994),3.6714285714285713,70
1156,Pinocchio (1940),3.6732673267326734,101
642,Grosse Pointe Blank (1997),3.675,160
959,Mediterraneo (1991),3.676470588235294,34
876,Little Women (1994),3.676470588235294,102
1138,"Perfect World, A (1993)",3.68,50
1637,"Wings of the Dove, The (1997)",3.68,75
430,"Double vie de Véronique, La (Double Life of Veronique, The) (1991)",3.6818181818181817,22
571,Full Metal Jacket (1987),3.6823529411764704,170
1495,"Time to Kill, A (1996)",3.685344827586207,232
736,In the Bleak Midwinter (1995),3.6875,16
667,Heathers (1989),3.690058479532164,171
534,Flirting With Disaster (1996),3.6904761904761907,42
828,Kundun (1997),3.6904761904761907,42
1154,"Pillow Book, The (1995)",3.6923076923076925,26
1157,Platoon (1986),3.6929133858267718,127
1251,"Rock, The (1996)",3.693121693121693,378
855,Leaving Las Vegas (1995),3.697986577181208,298
517,Field of Dreams (1989),3.69811320754717,212
1498,"Tin Drum, The (Blechtrommel, Die) (1979)",3.7,40
58,"American in Paris, An (1951)",3.7,50
122,Bananas (1971),3.7017543859649122,57
1240,Ridicule (1996),3.7045454545454546,44
1183,"Professional, The (1994)",3.704697986577181,149
1313,Shall We Dance? (1937),3.7058823529411766,17
246,Burnt By the Sun (1994),3.7083333333333335,24
1350,Snow White and the Seven Dwarfs (1937),3.7093023255813953,172
780,Jerry Maguire (1996),3.7109375,384
737,In the Company of Men (1997),3.712121212121212,66
138,Beat the Devil (1954),3.7142857142857144,7
1060,Night Flier (1997),3.7142857142857144,7
1473,"Thieves (Voleurs, Les) (1996)",3.7142857142857144,7
455,Emma (1996),3.7175141242937855,177
797,Jurassic Park (1993),3.7203065134099615,261
245,Bullets Over Broadway (1994),3.7209302325581395,86
752,"Inspector General, The (1949)",3.7222222222222223,18
984,Miracle on 34th Street (1994),3.722772277227723,101
1609,Welcome to the Dollhouse (1995),3.7232142857142856,112
947,Mary Poppins (1964),3.7247191011235956,178
229,Breakfast at Tiffany's (1961),3.7263157894736842,95
885,Looking for Richard (1996),3.727272727272727,55
421,Diva (1981),3.727272727272727,66
230,Breaking the Waves (1996),3.72972972972973,74
661,"Haunted World of Edward D. Wood Jr., The (1995)",3.7333333333333334,15
878,Living in Oblivion (1995),3.740740740740741,27
200,Bob Roberts (1992),3.7411764705882353,85
601,Giant (1956),3.7450980392156863,51
964,Men in Black (1997),3.745874587458746,303
997,Monty Python's Life of Brian (1979),3.7471264367816093,174
12,8 Seconds (1994),3.75,4
72,Angel Baby (1995),3.75,4
645,Guantanamera (1994),3.75,4
832,Lamerica (1994),3.75,4
853,"Leading Man, The (1996)",3.75,4
1553,Two or Three Things I Know About Her (1966),3.75,4
552,Four Days in September (1997),3.75,12
361,"Cry, the Beloved Country (1995)",3.75,24
973,Microcosmos: Le peuple de l'herbe (1996),3.75,24
1556,Ulee's Gold (1997),3.760869565217391,184
1557,"Umbrellas of Cherbourg, The (Parapluies de Cherbourg, Les) (1964)",3.761904761904762,21
643,Groundhog Day (1993),3.7642857142857142,280
566,Fried Green Tomatoes (1991),3.764705882352941,153
1365,"Sound of Music, The (1965)",3.765765765765766,222
484,Face/Off (1997),3.768041237113402,194
374,Dangerous Beauty (1998),3.769230769230769,13
1070,Ninotchka (1939),3.769230769230769,26
919,"Madness of King George, The (1994)",3.769230769230769,91
937,Manhattan (1979),3.769230769230769,91
494,Fantasia (1940),3.7701149425287355,174
1335,Six Degrees of Separation (1993),3.77027027027027,74
432,Down by Law (1986),3.7714285714285714,35
1474,"Thin Blue Line, The (1988)",3.7714285714285714,35
1233,"Return of Martin Guerre, The (Retour de Martin Guerre, Le) (1982)",3.772727272727273,44
1437,"Sweet Hereafter, The (1997)",3.772727272727273,44
773,Jaws (1975),3.775,280
1326,Short Cuts (1993),3.7761194029850746,67
194,"Blue Angel, The (Blaue Engel, Der) (1930)",3.7777777777777777,18
1005,Mr. Holland's Opus (1995),3.7781569965870307,293
867,"Lion King, The (1994)",3.7818181818181817,220
528,"Fish Called Wanda, A (1988)",3.785425101214575,247
1508,To Live (Huozhe) (1994),3.7857142857142856,14
1536,Trust (1990),3.789473684210526,19
360,Crumb (1994),3.7901234567901234,81
25,"Adventures of Robin Hood, The (1938)",3.791044776119403,67
237,"Bronx Tale, A (1993)",3.7916666666666665,48
309,"City of Lost Children, The (1995)",3.7916666666666665,96
142,Beauty and the Beast (1991),3.792079207920792,202
739,In the Line of Fire (1993),3.7928994082840237,169
373,Dances with Wolves (1990),3.79296875,256
1269,Sabrina (1954),3.796875,64
1543,Twelve Monkeys (1995),3.798469387755102,392
665,Hearts and Minds (1996),3.8,5
1418,Stripes (1981),3.8,5
148,Before the Rain (Pred dozhdot) (1994),3.8,10
1638,Winnie the Pooh and the Blustery Day (1968),3.8,75
425,Donnie Brasco (1997),3.802721088435374,147
333,Contact (1997),3.8035363457760316,509
313,Clerks (1994),3.804054054054054,148
865,Like Water For Chocolate (Como agua para chocolate) (1992),3.804054054054054,148
1379,"Spitfire Grill, The (1996)",3.804123711340206,97
179,"Birds, The (1963)",3.808641975308642,162
36,Aladdin (1992),3.8127853881278537,219
1124,Paris Is Burning (1990),3.814814814814815,27
1397,Star Trek: The Wrath of Khan (1982),3.8155737704918034,244
10,8 1/2 (1963),3.8157894736842106,38
1027,My Fair Lady (1964),3.816,125
1415,"Streetcar Named Desire, A (1951)",3.816326530612245,98
226,Brazil (1985),3.8173076923076925,208
367,Cyrano de Bergerac (1990),3.8181818181818183,66
1315,Shallow Grave (1994),3.8181818181818183,66
658,Harold and Maude (1971),3.8181818181818183,121
206,Bonnie and Clyde (1967),3.819672131147541,122
212,Bound (1996),3.8217054263565893,129
388,Dead Man (1995),3.823529411764706,34
321,Cold Comfort Farm (1995),3.824,125
1322,"Shining, The (1980)",3.825242718446602,206
1441,Swingers (1996),3.828025477707006,157
153,Ben-Hur (1959),3.8306451612903225,124
1238,Richard III (1995),3.831460674157303,89
497,"Farewell to Arms, A (1932)",3.8333333333333335,12
1062,Night on Earth (1991),3.8333333333333335,36
170,"Big Lebowski, The (1998)",3.8333333333333335,42
399,"Deer Hunter, The (1978)",3.8333333333333335,120
446,E.T. the Extra-Terrestrial (1982),3.8333333333333335,300
113,Back to the Future (1985),3.834285714285714,350
547,Forbidden Planet (1956),3.8358208955223883,67
199,"Blues Brothers, The (1980)",3.8366533864541834,251
234,Bringing Up Baby (1938),3.838235294117647,68
293,Chasing Amy (1997),3.8390501319261214,379
1594,Walkabout (1971),3.8461538461538463,26
1301,Seven (Se7en) (1995),3.847457627118644,236
1032,My Left Foot (1989),3.8512396694214877,121
551,Forrest Gump (1994),3.853582554517134,321
1147,Philadelphia (1993),3.854014598540146,137
59,Amistad (1997),3.8548387096774195,124
1217,Rebel Without a Cause (1955),3.8555555555555556,90
222,Braindead (1992),3.857142857142857,14
81,Anne Frank Remembered (1995),3.857142857142857,21
1294,"Secret of Roan Inish, The (1994)",3.859154929577465,71
622,"Good, The Bad and The Ugly, The (1966)",3.8613138686131387,137
715,"Hunt for Red October, The (1990)",3.8634361233480177,227
447,East of Eden (1955),3.864406779661017,59
1486,Three Colors: White (1994),3.864406779661017,59
548,Foreign Correspondent (1940),3.8666666666666667,15
586,"Gay Divorcee, The (1934)",3.8666666666666667,15
1565,Unforgiven (1992),3.868131868131868,182
1098,Once Upon a Time in the West (1969),3.8684210526315788,38
618,Gone with the Wind (1939),3.871345029239766,171
414,Die Hard (1988),3.8724279835390947,243
1265,"Ruling Class, The (1972)",3.875,16
1208,Raising Arizona (1987),3.875,256
400,Delicatessen (1991),3.876923076923077,65
1523,Toy Story (1995),3.8783185840707963,452
1386,Stand by Me (1986),3.881057268722467,227
1524,Trainspotting (1996),3.884,250
583,Gaslight (1944),3.8857142857142857,35
1260,Rosencrantz and Guildenstern Are Dead (1990),3.888888888888889,90
283,"Celluloid Closet, The (1995)",3.892857142857143,56
389,Dead Man Walking (1995),3.8963210702341136,299
1363,Sophie's Choice (1982),3.896551724137931,58
903,Love in the Afternoon (1957),3.9,10
171,Big Night (1996),3.9005847953216373,171
150,Being There (1979),3.9051724137931036,116
1481,This Is Spinal Tap (1984),3.905759162303665,191
1289,Searching for Bobby Fischer (1993),3.9057971014492754,138
317,"Clockwork Orange, A (1971)",3.909502262443439,221
1615,When Harry Met Sally... (1989),3.910344827586207,290
82,Annie Hall (1977),3.911111111111111,180
1520,Touch of Evil (1958),3.911764705882353,34
741,In the Name of the Father (1993),3.911764705882353,102
909,M*A*S*H (1970),3.912621359223301,206
390,Dead Poets Society (1989),3.9163346613545817,251
582,"Garden of Finzi-Contini, The (Giardino dei Finzi-Contini, Il) (1970)",3.9166666666666665,24
1241,"Right Stuff, The (1983)",3.917197452229299,157
960,Meet John Doe (1941),3.92,25
1321,Shine (1996),3.9224806201550386,129
1177,Primary Colors (1998),3.923076923076923,13
291,Charade (1963),3.925,40
572,"Full Monty, The (1997)",3.926984126984127,315
457,Enchanted April (1991),3.9285714285714284,70
747,Indiana Jones and the Last Crusade (1989),3.930513595166163,331
88,Apollo 13 (1995),3.931159420289855,276
1375,Spellbound (1945),3.933333333333333,30
1461,"Terminator, The (1984)",3.9335548172757475,301
1310,Shadowlands (1993),3.9358974358974357,78
86,"Apartment, The (1960)",3.9365079365079363,63
224,Brassed Off (1996),3.9375,32
382,"Day the Earth Stood Still, The (1951)",3.9381443298969074,97
1226,"Remains of the Day, The (1993)",3.94,150
890,Lost Horizon (1937),3.9411764705882355,34
922,"Magnificent Seven, The (1954)",3.9421487603305785,121
1480,Thirty-Two Short Films About Glenn Gould (1993),3.9444444444444446,18
1657,Young Frankenstein (1974),3.945,200
152,Belle de jour (1967),3.945945945945946,37
44,Aliens (1986),3.9471830985915495,284
1011,"Mrs. Brown (Her Majesty, Mrs. Brown) (1997)",3.9479166666666665,96
249,Butch Cassidy and the Sundance Kid (1969),3.949074074074074,216
623,GoodFellas (1990),3.9513274336283186,226
278,Cat on a Hot Tin Roof (1958),3.9516129032258065,62
84,Antonia's Line (1995),3.9565217391304346,69
141,Beautiful Thing (1996),3.9655172413793105,29
1167,"Postino, Il (1994)",3.9672131147540983,183
417,"Die xue shuang xiong (Killer, The) (1989)",3.967741935483871,31
880,Local Hero (1983),3.9682539682539684,63
7,2001: A Space Odyssey (1968),3.969111969111969,259
1216,Rebecca (1940),3.9696969696969697,66
496,Farewell My Concubine (1993),3.9782608695652173,46
1034,My Life as a Dog (Mitt liv som hund) (1985),3.978494623655914,93
1356,Some Like It Hot (1959),3.984375,128
1257,"Room with a View, A (1986)",3.985074626865672,134
1231,Reservoir Dogs (1992),3.9864864864864864,148
825,Kolya (1996),3.9914529914529915,117
1132,Patton (1970),3.9926470588235294,136
1333,Singin' in the Rain (1952),3.9927007299270074,137
337,Cool Hand Luke (1967),3.9939024390243905,164
109,Babe (1995),3.9954337899543377,219
166,"Big Bang Theory, The (1994)",4.0,1
241,Brothers in Trouble (1995),4.0,1
372,"Damsel in Distress, A (1937)",4.0,1
394,Death in Brunswick (1991),4.0,1
404,Desert Winds (1995),4.0,1
500,Farmer & Chase (1995),4.0,1
584,"Gate of Heavenly Peace, The (1995)",4.0,1
662,He Walked by Night (1948),4.0,1
720,I Don't Want to Talk About It (De eso no se habla) (1993),4.0,1
796,Jupiter's Wife (1994),4.0,1
814,Killer: A Journal of Murder (1995),4.0,1
830,Lady of Burlesque (1943),4.0,1
927,Mamma Roma (1962),4.0,1
1087,"Object of My Affection, The (1998)",4.0,1
1367,"Spanish Prisoner, The (1997)",4.0,1
1510,Tokyo Fist (1995),4.0,1
1634,Window to Paris (1994),4.0,1
1635,Wings of Courage (1995),4.0,1
1643,Witness (1985),4.0,1
250,"Butcher Boy, The (1998)",4.0,2
282,Celestial Clockwork (1994),4.0,2
615,Golden Earrings (1947),4.0,2
1058,Nico Icon (1995),4.0,2
368,"Cérémonie, La (1995)",4.0,3
1605,"Wedding Gift, The (1994)",4.0,3
343,Cosi (1996),4.0,4
520,"Fille seule, La (A Single Girl) (1995)",4.0,4
1137,"Perfect Candidate, A (1996)",4.0,4
941,Margaret's Museum (1995),4.0,6
1624,"Whole Wide World, The (1996)",4.0,6
1651,"World of Apu, The (Apur Sansar) (1959)",4.0,6
1648,"Wonderful, Horrible Life of Leni Riefenstahl, The (1993)",4.0,10
1271,Safe (1995),4.0,13
654,Hard Eight (1996),4.0,15
544,For Whom the Bell Tolls (1943),4.0,20
1175,Priest (1994),4.0,40
908,M (1931),4.0,44
687,His Girl Friday (1940),4.0,56
1636,Wings of Desire (1987),4.0,57
413,Dial M for Murder (1954),4.0,68
441,Duck Soup (1933),4.0,93
1460,Terminator 2: Judgment Day (1991),4.0067796610169495,295
1066,Nikita (La Femme Nikita) (1990),4.0078740157480315,127
1234,Return of the Jedi (1983),4.007889546351085,507
651,Hamlet (1996),4.011111111111111,90
1297,Sense and Sensibility (1995),4.0111940298507465,268
759,It Happened One Night (1934),4.012345679012346,81
1484,Three Colors: Blue (1993),4.015625,64
1502,To Catch a Thief (1955),4.02,50
580,Gandhi (1982),4.02051282051282,195
634,"Great Dictator, The (1940)",4.021739130434782,46
1629,"Wild Bunch, The (1969)",4.023255813953488,43
929,"Man Who Would Be King, The (1975)",4.025,80
173,"Big Sleep, The (1946)",4.027397260273973,73
1416,Strictly Ballroom (1992),4.028846153846154,104
1199,"Quiet Man, The (1952)",4.029850746268656,67
41,Alien (1979),4.034364261168385,291
1035,My Man Godfrey (1936),4.037037037037037,27
570,"Fugitive, The (1993)",4.044642857142857,336
87,Apocalypse Now (1979),4.04524886877828,221
1139,Persuasion (1995),4.045454545454546,44
1617,When We Were Kings (1996),4.045454545454546,44
45,All About Eve (1950),4.045454545454546,66
1517,Top Hat (1935),4.0476190476190474,21
1121,Paradise Lost: The Child Murders at Robin Hood Hills (1996),4.05,20
448,Eat Drink Man Woman (1994),4.05,80
9,"39 Steps, The (1935)",4.0508474576271185,59
883,Lone Star (1996),4.053475935828877,187
297,"Christmas Carol, A (1938)",4.057971014492754,69
1407,"Sting, The (1973)",4.058091286307054,241
1485,Three Colors: Red (1994),4.0602409638554215,83
1190,Pulp Fiction (1994),4.060913705583756,394
1016,Much Ado About Nothing (1993),4.0625,176
1100,Once Were Warriors (1994),4.064516129032258,31
996,Monty Python and the Holy Grail (1974),4.0664556962025316,316
610,Glory (1989),4.076023391812866,171
1644,"Wizard of Oz, The (1939)",4.0772357723577235,246
97,Arsenic and Old Lace (1944),4.078260869565217,115
696,Hoop Dreams (1994),4.094017094017094,117
564,Fresh (1994),4.1,10
848,Laura (1944),4.1,40
1209,Ran (1985),4.1,70
1527,"Treasure of the Sierra Madre, The (1948)",4.1,80
92,Apt Pupil (1998),4.1,160
1189,Psycho (1960),4.100418410041841,239
682,High Noon (1952),4.1022727272727275,88
1253,Roman Holiday (1953),4.102941176470588,68
627,"Graduate, The (1967)",4.104602510460251,239
635,"Great Escape, The (1963)",4.104838709677419,124
628,"Grand Day Out, A (1992)",4.106060606060606,66
776,Jean de Florette (1986),4.109375,64
698,"Horseman on the Roof, The (Hussard sur le toit, Le) (1995)",4.111111111111111,9
1082,Notorious (1946),4.115384615384615,52
1148,"Philadelphia Story, The (1940)",4.115384615384615,104
940,Manon of the Spring (Manon des sources) (1986),4.120689655172414,58
1204,Raging Bull (1980),4.120689655172414,116
1456,Taxi Driver (1976),4.1208791208791204,182
762,It's a Wonderful Life (1946),4.121212121212121,231
1008,Mr. Smith Goes to Washington (1939),4.123809523809523,105
13,A Chef in Love (1996),4.125,8
1590,Waiting for Guffman (1996),4.127659574468085,47
815,"Killing Fields, The (1984)",4.132231404958677,121
296,Chinatown (1974),4.136054421768708,147
677,Henry V (1989),4.137096774193548,124
184,Blade Runner (1982),4.138181818181818,275
1476,"Thin Man, The (1934)",4.15,60
225,Braveheart (1995),4.151515151515151,297
1207,Raise the Red Lantern (1991),4.155172413793103,58
498,Fargo (1996),4.155511811023622,508
829,L.A. Confidential (1997),4.161616161616162,297
50,Amadeus (1984),4.163043478260869,276
1178,"Princess Bride, The (1987)",4.172839506172839,324
301,Cinema Paradiso (1988),4.1735537190082646,121
232,"Bridge on the River Kwai, The (1957)",4.175757575757576,165
27,"African Queen, The (1951)",4.184210526315789,152
613,"Godfather: Part II, The (1974)",4.186602870813397,209
26,"Affair to Remember, An (1957)",4.1923076923076925,26
98,As Good As It Gets (1997),4.196428571428571,112
1342,Sling Blade (1996),4.198529411764706,136
507,Faust (1994),4.2,5
1408,Stonewall (1995),4.2,5
1429,Sunset Blvd. (1950),4.2,65
209,"Boot, Das (1981)",4.203980099502488,201
456,"Empire Strikes Back, The (1980)",4.204359673024523,367
926,"Maltese Falcon, The (1941)",4.2101449275362315,138
1131,Paths of Glory (1957),4.212121212121212,33
851,Lawrence of Arabia (1962),4.23121387283237,173
1500,Titanic (1997),4.2457142857142856,350
353,Crossfire (1947),4.25,4
751,"Innocents, The (1961)",4.25,4
804,Kaspar Hauser (1993),4.25,8
1580,Vertigo (1958),4.251396648044692,179
1205,Raiders of the Lost Ark (1981),4.252380952380952,420
433,Dr. Strangelove or: How I Learned to Stop Worrying and Love the Bomb (1963),4.252577319587629,194
936,"Manchurian Candidate, The (1962)",4.259541984732825,131
1314,Shall We Dance? (1996),4.260869565217392,46
621,Good Will Hunting (1997),4.262626262626263,198
1295,Secrets & Lies (1996),4.265432098765432,162
612,"Godfather, The (1972)",4.283292978208232,413
1077,North by Northwest (1959),4.284916201117318,179
1329,"Silence of the Lambs, The (1991)",4.28974358974359,390
1102,One Flew Over the Cuckoo's Nest (1975),4.291666666666667,264
1507,To Kill a Mockingbird (1962),4.292237442922374,219
1354,Some Folks Call It a Sling Blade (1993),4.2926829268292686,41
303,Citizen Kane (1941),4.292929292929293,198
181,Bitter Sugar (Azucar Amargo) (1996),4.333333333333333,3
859,"Letter From Death Row, A (1998)",4.333333333333333,3
1479,"Third Man, The (1949)",4.333333333333333,72
3,12 Angry Men (1957),4.344,125
1398,Star Wars (1977),4.3584905660377355,583
1572,"Usual Suspects, The (1995)",4.385767790262173,267
1215,Rear Window (1954),4.3875598086124405,209
1317,"Shawshank Redemption, The (1994)",4.445229681978798,283
1597,Wallace & Gromit: The Best of Aardman Animation (1996),4.447761194029851,67
273,Casablanca (1942),4.45679012345679,243
1652,"Wrong Trousers, The (1993)",4.466101694915254,118
1281,Schindler's List (1993),4.466442953020135,298
318,"Close Shave, A (1995)",4.491071428571429,112
79,Anna (1996),4.5,2
472,Everest (1998),4.5,2
1357,Some Mother's Son (1996),4.5,2
956,Maya Lin: A Strong Clear Vision (1994),4.5,4
1130,Pather Panchali (1955),4.625,8
30,Aiqing wansui (1994),5.0,1
462,Entertaining Angels: The Dorothy Day Story (1996),5.0,1
633,"Great Day in Harlem, A (1994)",5.0,1
944,Marlene Dietrich: Shadow and Light (1996) ,5.0,1
1359,Someone Else's America (1995),5.0,1
1472,They Made Me a Criminal (1939),5.0,1
1273,"Saint of Fort Washington, The (1993)",5.0,2
1277,Santa with Muscles (1996),5.0,2
1172,Prefontaine (1997),5.0,3
1387,Star Kid (1997),5.0,3
